filename,pred
A1_1_X_X.jpg,0.1
A1_8_X_X.jpg,0.1
A1001_4219_X_X.jpg,0.1
A101_556_X_X.jpg,0.1
A101_557_X_X.jpg,0.1
A1013_4264_X_X.jpg,0.1
A1013_4265_X_X.jpg,0.1
A1014_4266_X_X.jpg,0.1
A1014_4270_X_X.jpg,0.1
A1017_4291_X_X.jpg,0.1
A1017_4296_X_X.jpg,0.1
A1022_4313_X_X.jpg,0.1
A1022_4317_X_X.jpg,0.1
A1025_4318_X_X.jpg,0.1
A1025_4319_X_X.jpg,0.1
A1045_4345_X_X.jpg,0.1
A1045_4351_X_X.jpg,0.1
A108_602_X_X.jpg,0.1
A108_613_X_X.jpg,0.1
A1081_4416_X_X.jpg,0.1
A1081_4419_X_X.jpg,0.1
A1096_4433_X_X.jpg,0.1
A1096_4436_X_X.jpg,0.1
A1102_4447_X_X.jpg,0.1
A1102_4450_X_X.jpg,0.1
A1114_4463_X_X.jpg,0.1
A1114_4466_X_X.jpg,0.1
A1118_4482_X_X.jpg,0.1
A1118_4488_X_X.jpg,0.1
A1126_4504_X_X.jpg,0.1
A1128_4508_X_X.jpg,0.1
A1128_4510_X_X.jpg,0.1
A1131_4515_X_X.jpg,0.1
A1131_4517_X_X.jpg,0.1
A1141_4568_X_X.jpg,0.1
A1141_4572_X_X.jpg,0.1
A1143_4590_X_X.jpg,0.1
A1143_4597_X_X.jpg,0.1
A1153_4630_X_X.jpg,0.1
A1153_4634_X_X.jpg,0.1
A1162_4680_X_X.jpg,0.1
A1162_4682_X_X.jpg,0.1
A1164_4687_X_X.jpg,0.1
A1164_4689_X_X.jpg,0.1
A1170_4738_X_X.jpg,0.1
A1170_4747_X_X.jpg,0.1
A1172_4755_X_X.jpg,0.1
A1172_4756_X_X.jpg,0.1
A118_665_X_X.jpg,0.1
A118_673_X_X.jpg,0.1
A1183_4829_X_X.jpg,0.1
A1183_4833_X_X.jpg,0.1
A1187_4865_X_X.jpg,0.1
A1187_4870_X_X.jpg,0.1
A119_674_X_X.jpg,0.1
A1192_4884_X_X.jpg,0.1
A1192_4890_X_X.jpg,0.1
A1195_4897_X_X.jpg,0.1
A1195_4907_X_X.jpg,0.1
A1197_4910_X_X.jpg,0.1
A1204_4932_X_X.jpg,0.1
A1204_4937_X_X.jpg,0.1
A1210_4975_X_X.jpg,0.1
A1210_4980_X_X.jpg,0.1
A1213_4987_X_X.jpg,0.1
A1213_4989_X_X.jpg,0.1
A1219_5030_X_X.jpg,0.1
A1219_5038_X_X.jpg,0.1
A1221_5044_X_X.jpg,0.1
A1221_5046_X_X.jpg,0.1
A1231_5092_X_X.jpg,0.1
A1231_5096_X_X.jpg,0.1
A1235_5112_X_X.jpg,0.1
A1235_5117_X_X.jpg,0.1
A1239_5129_X_X.jpg,0.1
A1239_5132_X_X.jpg,0.1
A1253_5205_X_X.jpg,0.1
A1253_5214_X_X.jpg,0.1
A1274_5325_X_X.jpg,0.1
A1274_5332_X_X.jpg,0.1
A1278_5348_X_X.jpg,0.1
A1278_5353_X_X.jpg,0.1
A1289_5427_X_X.jpg,0.1
A1289_5437_X_X.jpg,0.1
A1291_5445_X_X.jpg,0.1
A1291_5451_X_X.jpg,0.1
A1295_5464_X_X.jpg,0.1
A1295_5472_X_X.jpg,0.1
A1303_5518_X_X.jpg,0.1
A1303_5526_X_X.jpg,0.1
A1316_5593_X_X.jpg,0.1
A1316_5600_X_X.jpg,0.1
A1317_5601_X_X.jpg,0.1
A1317_5605_X_X.jpg,0.1
A132_702_X_X.jpg,0.1
A132_707_X_X.jpg,0.1
A1330_5700_X_X.jpg,0.1
A1330_5702_X_X.jpg,0.1
A1331_5703_X_X.jpg,0.1
A1331_5707_X_X.jpg,0.1
A1353_5810_X_X.jpg,0.1
A1353_5816_X_X.jpg,0.1
A1362_5834_X_X.jpg,0.1
A1362_5835_X_X.jpg,0.1
A1368_5851_X_X.jpg,0.1
A1368_5859_X_X.jpg,0.1
A1369_5860_X_X.jpg,0.1
A1369_5867_X_X.jpg,0.1
A149_760_X_X.jpg,0.1
A149_766_X_X.jpg,0.1
A167_785_X_X.jpg,0.1
A167_788_X_X.jpg,0.1
A17_129_X_X.jpg,0.1
A17_138_X_X.jpg,0.1
A174_804_X_X.jpg,0.1
A174_809_X_X.jpg,0.1
A185_846_X_X.jpg,0.1
A185_847_X_X.jpg,0.1
A193_864_X_X.jpg,0.1
A193_868_X_X.jpg,0.1
A207_926_X_X.jpg,0.1
A207_927_X_X.jpg,0.1
A208_928_X_X.jpg,0.1
A208_939_X_X.jpg,0.1
A216_958_X_X.jpg,0.1
A216_965_X_X.jpg,0.1
A218_973_X_X.jpg,0.1
A218_974_X_X.jpg,0.1
A222_980_X_X.jpg,0.1
A222_983_X_X.jpg,0.1
A230_995_X_X.jpg,0.1
A230_997_X_X.jpg,0.1
A233_1005_X_X.jpg,0.1
A233_1007_X_X.jpg,0.1
A246_1036_X_X.jpg,0.1
A246_1039_X_X.jpg,0.1
A260_1059_X_X.jpg,0.1
A260_1062_X_X.jpg,0.1
A262_1066_X_X.jpg,0.1
A262_1072_X_X.jpg,0.1
A267_1078_X_X.jpg,0.1
A267_1081_X_X.jpg,0.1
A271_1082_X_X.jpg,0.1
A271_1085_X_X.jpg,0.1
A272_1086_X_X.jpg,0.1
A272_1089_X_X.jpg,0.1
A273_1090_X_X.jpg,0.1
A273_1096_X_X.jpg,0.1
A274_1097_X_X.jpg,0.1
A274_1099_X_X.jpg,0.1
A275_1100_X_X.jpg,0.1
A275_1101_X_X.jpg,0.1
A281_1117_X_X.jpg,0.1
A281_1122_X_X.jpg,0.1
A283_1123_X_X.jpg,0.1
A283_1126_X_X.jpg,0.1
A288_1132_X_X.jpg,0.1
A288_1133_X_X.jpg,0.1
A292_1148_X_X.jpg,0.1
A292_1152_X_X.jpg,0.1
A294_1155_X_X.jpg,0.1
A294_1158_X_X.jpg,0.1
A297_1161_X_X.jpg,0.1
A297_1162_X_X.jpg,0.1
A308_1185_X_X.jpg,0.1
A308_1201_X_X.jpg,0.1
A31_178_X_X.jpg,0.1
A31_188_X_X.jpg,0.1
A319_1224_X_X.jpg,0.1
A327_1248_X_X.jpg,0.1
A327_1255_X_X.jpg,0.1
A330_1260_X_X.jpg,0.1
A330_1261_X_X.jpg,0.1
A347_1292_X_X.jpg,0.1
A355_1309_X_X.jpg,0.1
A355_1310_X_X.jpg,0.1
A356_1311_X_X.jpg,0.1
A356_1312_X_X.jpg,0.1
A363_1333_X_X.jpg,0.1
A363_1334_X_X.jpg,0.1
A37_207_X_X.jpg,0.1
A37_222_X_X.jpg,0.1
A370_1352_X_X.jpg,0.1
A370_1355_X_X.jpg,0.1
A373_1366_X_X.jpg,0.1
A373_1370_X_X.jpg,0.1
A376_1377_X_X.jpg,0.1
A376_1379_X_X.jpg,0.1
A377_1380_X_X.jpg,0.1
A377_1382_X_X.jpg,0.1
A391_1408_X_X.jpg,0.1
A396_1417_X_X.jpg,0.1
A396_1420_X_X.jpg,0.1
A399_1423_X_X.jpg,0.1
A399_1426_X_X.jpg,0.1
A413_1449_X_X.jpg,0.1
A413_1453_X_X.jpg,0.1
A420_1481_X_X.jpg,0.1
A420_1493_X_X.jpg,0.1
A422_1501_X_X.jpg,0.1
A427_1512_X_X.jpg,0.1
A427_1516_X_X.jpg,0.1
A429_1521_X_X.jpg,0.1
A429_1524_X_X.jpg,0.1
A43_241_X_X.jpg,0.1
A43_247_X_X.jpg,0.1
A430_1525_X_X.jpg,0.1
A430_1528_X_X.jpg,0.1
A44_248_X_X.jpg,0.1
A44_273_X_X.jpg,0.1
A440_1564_X_X.jpg,0.1
A440_1569_X_X.jpg,0.1
A444_1585_X_X.jpg,0.1
A444_1587_X_X.jpg,0.1
A445_1588_X_X.jpg,0.1
A445_1592_X_X.jpg,0.1
A449_1603_X_X.jpg,0.1
A449_1609_X_X.jpg,0.1
A452_1616_X_X.jpg,0.1
A452_1619_X_X.jpg,0.1
A453_1620_X_X.jpg,0.1
A453_1624_X_X.jpg,0.1
A455_1629_X_X.jpg,0.1
A455_1632_X_X.jpg,0.1
A456_1633_X_X.jpg,0.1
A456_1634_X_X.jpg,0.1
A46_279_X_X.jpg,0.1
A46_300_X_X.jpg,0.1
A463_1655_X_X.jpg,0.1
A463_1656_X_X.jpg,0.1
A464_1657_X_X.jpg,0.1
A464_1659_X_X.jpg,0.1
A476_1695_X_X.jpg,0.1
A476_1697_X_X.jpg,0.1
A479_1702_X_X.jpg,0.1
A484_1713_X_X.jpg,0.1
A484_1715_X_X.jpg,0.1
A488_1725_X_X.jpg,0.1
A488_1726_X_X.jpg,0.1
A497_1749_X_X.jpg,0.1
A504_1759_X_X.jpg,0.1
A504_1761_X_X.jpg,0.1
A513_1763_X_X.jpg,0.1
A520_1766_X_X.jpg,0.1
A545_1914_X_X.jpg,0.1
A545_1916_X_X.jpg,0.1
A551_1953_X_X.jpg,0.1
A551_1956_X_X.jpg,0.1
A560_1992_X_X.jpg,0.1
A560_1993_X_X.jpg,0.1
A571_2011_X_X.jpg,0.1
A571_2013_X_X.jpg,0.1
A573_2018_X_X.jpg,0.1
A573_2020_X_X.jpg,0.1
A574_2021_X_X.jpg,0.1
A574_2025_X_X.jpg,0.1
A580_2032_X_X.jpg,0.1
A580_2035_X_X.jpg,0.1
A584_2039_X_X.jpg,0.1
A584_2041_X_X.jpg,0.1
A589_2050_X_X.jpg,0.1
A589_2052_X_X.jpg,0.1
A594_2061_X_X.jpg,0.1
A594_2062_X_X.jpg,0.1
A604_2081_X_X.jpg,0.1
A604_2085_X_X.jpg,0.1
A606_2097_X_X.jpg,0.1
A607_2098_X_X.jpg,0.1
A607_2100_X_X.jpg,0.1
A610_2107_X_X.jpg,0.1
A610_2111_X_X.jpg,0.1
A613_2118_X_X.jpg,0.1
A613_2119_X_X.jpg,0.1
A62_379_X_X.jpg,0.1
A62_380_X_X.jpg,0.1
A620_2129_X_X.jpg,0.1
A620_2131_X_X.jpg,0.1
A627_2141_X_X.jpg,0.1
A627_2143_X_X.jpg,0.1
A628_2144_X_X.jpg,0.1
A628_2145_X_X.jpg,0.1
A63_381_X_X.jpg,0.1
A63_390_X_X.jpg,0.1
A636_2164_X_X.jpg,0.1
A639_2174_X_X.jpg,0.1
A639_2176_X_X.jpg,0.1
A64_391_X_X.jpg,0.1
A64_393_X_X.jpg,0.1
A643_2184_X_X.jpg,0.1
A643_2201_X_X.jpg,0.1
A653_2237_X_X.jpg,0.1
A653_2239_X_X.jpg,0.1
A654_2240_X_X.jpg,0.1
A654_2243_X_X.jpg,0.1
A661_2287_X_X.jpg,0.1
A661_2291_X_X.jpg,0.1
A662_2292_X_X.jpg,0.1
A662_2301_X_X.jpg,0.1
A671_2366_X_X.jpg,0.1
A671_2367_X_X.jpg,0.1
A672_2368_X_X.jpg,0.1
A672_2374_X_X.jpg,0.1
A68_404_X_X.jpg,0.1
A683_2464_X_X.jpg,0.1
A683_2473_X_X.jpg,0.1
A698_2591_X_X.jpg,0.1
A698_2598_X_X.jpg,0.1
A699_2599_X_X.jpg,0.1
A699_2609_X_X.jpg,0.1
A705_2629_X_X.jpg,0.1
A705_2637_X_X.jpg,0.1
A71_417_X_X.jpg,0.1
A71_427_X_X.jpg,0.1
A717_2757_X_X.jpg,0.1
A717_2771_X_X.jpg,0.1
A72_428_X_X.jpg,0.1
A72_433_X_X.jpg,0.1
A727_2792_X_X.jpg,0.1
A727_2796_X_X.jpg,0.1
A728_2797_X_X.jpg,0.1
A728_2799_X_X.jpg,0.1
A733_2820_X_X.jpg,0.1
A733_2832_X_X.jpg,0.1
A734_2833_X_X.jpg,0.1
A734_2845_X_X.jpg,0.1
A737_2851_X_X.jpg,0.1
A737_2863_X_X.jpg,0.1
A746_2905_X_X.jpg,0.1
A746_2917_X_X.jpg,0.1
A747_2918_X_X.jpg,0.1
A747_2935_X_X.jpg,0.1
A763_2997_X_X.jpg,0.1
A763_3001_X_X.jpg,0.1
A766_3002_X_X.jpg,0.1
A766_3006_X_X.jpg,0.1
A772_3010_X_X.jpg,0.1
A772_3011_X_X.jpg,0.1
A789_3042_X_X.jpg,0.1
A789_3045_X_X.jpg,0.1
A79_443_X_X.jpg,0.1
A79_445_X_X.jpg,0.1
A793_3046_X_X.jpg,0.1
A793_3047_X_X.jpg,0.1
A796_3052_X_X.jpg,0.1
A796_3056_X_X.jpg,0.1
A797_3057_X_X.jpg,0.1
A797_3060_X_X.jpg,0.1
A809_3072_X_X.jpg,0.1
A809_3075_X_X.jpg,0.1
A825_3101_X_X.jpg,0.1
A825_3111_X_X.jpg,0.1
A826_3112_X_X.jpg,0.1
A826_3118_X_X.jpg,0.1
A838_3205_X_X.jpg,0.1
A838_3218_X_X.jpg,0.1
A842_3233_X_X.jpg,0.1
A842_3237_X_X.jpg,0.1
A844_3238_X_X.jpg,0.1
A844_3246_X_X.jpg,0.1
A846_3248_X_X.jpg,0.1
A846_3250_X_X.jpg,0.1
A847_3251_X_X.jpg,0.1
A847_3261_X_X.jpg,0.1
A850_3305_X_X.jpg,0.1
A850_3313_X_X.jpg,0.1
A855_3355_X_X.jpg,0.1
A855_3361_X_X.jpg,0.1
A856_3362_X_X.jpg,0.1
A856_3367_X_X.jpg,0.1
A857_3368_X_X.jpg,0.1
A857_3389_X_X.jpg,0.1
A866_3456_X_X.jpg,0.1
A866_3461_X_X.jpg,0.1
A87_492_X_X.jpg,0.1
A87_494_X_X.jpg,0.1
A882_3553_X_X.jpg,0.1
A882_3555_X_X.jpg,0.1
A887_3570_X_X.jpg,0.1
A887_3575_X_X.jpg,0.1
A895_3612_X_X.jpg,0.1
A895_3616_X_X.jpg,0.1
A896_3617_X_X.jpg,0.1
A896_3623_X_X.jpg,0.1
A915_3754_X_X.jpg,0.1
A92_512_X_X.jpg,0.1
A92_515_X_X.jpg,0.1
A921_3786_X_X.jpg,0.1
A921_3792_X_X.jpg,0.1
A923_3796_X_X.jpg,0.1
A923_3801_X_X.jpg,0.1
A924_3802_X_X.jpg,0.1
A925_3803_X_X.jpg,0.1
A925_3814_X_X.jpg,0.1
A927_3816_X_X.jpg,0.1
A927_3823_X_X.jpg,0.1
A930_3844_X_X.jpg,0.1
A930_3850_X_X.jpg,0.1
A937_3893_X_X.jpg,0.1
A937_3900_X_X.jpg,0.1
A939_3907_X_X.jpg,0.1
A939_3911_X_X.jpg,0.1
A943_3922_X_X.jpg,0.1
A943_3923_X_X.jpg,0.1
A949_3959_X_X.jpg,0.1
A949_3971_X_X.jpg,0.1
A954_4004_X_X.jpg,0.1
A954_4005_X_X.jpg,0.1
A96_536_X_X.jpg,0.1
A96_537_X_X.jpg,0.1
A968_4073_X_X.jpg,0.1
A968_4075_X_X.jpg,0.1
A995_4190_X_X.jpg,0.1
A995_4199_X_X.jpg,0.1
B10_5915_X_X.jpg,0.1
B10_5917_X_X.jpg,0.1
B100_6225_X_X.jpg,0.1
B100_6227_X_X.jpg,0.1
B102_6233_X_X.jpg,0.1
B102_6236_X_X.jpg,0.1
B103_6237_X_X.jpg,0.1
B103_6240_X_X.jpg,0.1
B109_6255_X_X.jpg,0.1
B111_6257_X_X.jpg,0.1
B111_6258_X_X.jpg,0.1
B113_6263_X_X.jpg,0.1
B113_6268_X_X.jpg,0.1
B119_6285_X_X.jpg,0.1
B119_6287_X_X.jpg,0.1
B121_6294_X_X.jpg,0.1
B121_6300_X_X.jpg,0.1
B135_6347_X_X.jpg,0.1
B135_6348_X_X.jpg,0.1
B143_6374_X_X.jpg,0.1
B143_6377_X_X.jpg,0.1
B147_6388_X_X.jpg,0.1
B147_6391_X_X.jpg,0.1
B15_5926_X_X.jpg,0.1
B15_5928_X_X.jpg,0.1
B159_6427_X_X.jpg,0.1
B159_6429_X_X.jpg,0.1
B163_6439_X_X.jpg,0.1
B163_6441_X_X.jpg,0.1
B165_6444_X_X.jpg,0.1
B165_6448_X_X.jpg,0.1
B17_5932_X_X.jpg,0.1
B17_5939_X_X.jpg,0.1
B181_6491_X_X.jpg,0.1
B181_6493_X_X.jpg,0.1
B182_6494_X_X.jpg,0.1
B182_6496_X_X.jpg,0.1
B186_6511_X_X.jpg,0.1
B186_6513_X_X.jpg,0.1
B190_6527_X_X.jpg,0.1
B190_6528_X_X.jpg,0.1
B193_6536_X_X.jpg,0.1
B193_6538_X_X.jpg,0.1
B196_6551_X_X.jpg,0.1
B196_6556_X_X.jpg,0.1
B197_6557_X_X.jpg,0.1
B197_6561_X_X.jpg,0.1
B20_5946_X_X.jpg,0.1
B20_5949_X_X.jpg,0.1
B206_6591_X_X.jpg,0.1
B206_6593_X_X.jpg,0.1
B208_6598_X_X.jpg,0.1
B208_6604_X_X.jpg,0.1
B212_6613_X_X.jpg,0.1
B212_6614_X_X.jpg,0.1
B219_6635_X_X.jpg,0.1
B219_6637_X_X.jpg,0.1
B220_6638_X_X.jpg,0.1
B220_6639_X_X.jpg,0.1
B223_6644_X_X.jpg,0.1
B223_6647_X_X.jpg,0.1
B225_6652_X_X.jpg,0.1
B225_6654_X_X.jpg,0.1
B227_6656_X_X.jpg,0.1
B228_6657_X_X.jpg,0.1
B228_6660_X_X.jpg,0.1
B230_6665_X_X.jpg,0.1
B237_6680_X_X.jpg,0.1
B237_6681_X_X.jpg,0.1
B239_6686_X_X.jpg,0.1
B239_6688_X_X.jpg,0.1
B241_6691_X_X.jpg,0.1
B241_6694_X_X.jpg,0.1
B254_6746_X_X.jpg,0.1
B254_6749_X_X.jpg,0.1
B256_6757_X_X.jpg,0.1
B256_6758_X_X.jpg,0.1
B258_6763_X_X.jpg,0.1
B258_6765_X_X.jpg,0.1
B275_6826_X_X.jpg,0.1
B275_6827_X_X.jpg,0.1
B284_6856_X_X.jpg,0.1
B284_6858_X_X.jpg,0.1
B285_6859_X_X.jpg,0.1
B285_6861_X_X.jpg,0.1
B294_6883_X_X.jpg,0.1
B294_6885_X_X.jpg,0.1
B30_5989_X_X.jpg,0.1
B30_5991_X_X.jpg,0.1
B304_6921_X_X.jpg,0.1
B304_6924_X_X.jpg,0.1
B306_6925_X_X.jpg,0.1
B306_6927_X_X.jpg,0.1
B310_6934_X_X.jpg,0.1
B315_6944_X_X.jpg,0.1
B325_6976_X_X.jpg,0.1
B325_6977_X_X.jpg,0.1
B326_6978_X_X.jpg,0.1
B326_6981_X_X.jpg,0.1
B329_6988_X_X.jpg,0.1
B329_6989_X_X.jpg,0.1
B333_6999_X_X.jpg,0.1
B345_7039_X_X.jpg,0.1
B345_7042_X_X.jpg,0.1
B348_7046_X_X.jpg,0.1
B348_7049_X_X.jpg,0.1
B349_7050_X_X.jpg,0.1
B349_7052_X_X.jpg,0.1
B350_7053_X_X.jpg,0.1
B351_7054_X_X.jpg,0.1
B351_7058_X_X.jpg,0.1
B36_6000_X_X.jpg,0.1
B36_6001_X_X.jpg,0.1
B362_7100_X_X.jpg,0.1
B366_7113_X_X.jpg,0.1
B367_7114_X_X.jpg,0.1
B367_7121_X_X.jpg,0.1
B37_6002_X_X.jpg,0.1
B37_6003_X_X.jpg,0.1
B374_7147_X_X.jpg,0.1
B374_7155_X_X.jpg,0.1
B382_7185_X_X.jpg,0.1
B387_7197_X_X.jpg,0.1
B387_7198_X_X.jpg,0.1
B39_6006_X_X.jpg,0.1
B39_6007_X_X.jpg,0.1
B391_7209_X_X.jpg,0.1
B391_7217_X_X.jpg,0.1
B400_7250_X_X.jpg,0.1
B400_7251_X_X.jpg,0.1
B401_7252_X_X.jpg,0.1
B401_7254_X_X.jpg,0.1
B403_7255_X_X.jpg,0.1
B403_7261_X_X.jpg,0.1
B409_7278_X_X.jpg,0.1
B409_7279_X_X.jpg,0.1
B416_7301_X_X.jpg,0.1
B416_7315_X_X.jpg,0.1
B42_6014_X_X.jpg,0.1
B42_6019_X_X.jpg,0.1
B440_7396_X_X.jpg,0.1
B440_7404_X_X.jpg,0.1
B444_7421_X_X.jpg,0.1
B444_7428_X_X.jpg,0.1
B449_7447_X_X.jpg,0.1
B449_7448_X_X.jpg,0.1
B451_7451_X_X.jpg,0.1
B451_7453_X_X.jpg,0.1
B452_7454_X_X.jpg,0.1
B452_7459_X_X.jpg,0.1
B457_7469_X_X.jpg,0.1
B457_7472_X_X.jpg,0.1
B46_6028_X_X.jpg,0.1
B46_6029_X_X.jpg,0.1
B466_7503_X_X.jpg,0.1
B466_7504_X_X.jpg,0.1
B467_7505_X_X.jpg,0.1
B467_7506_X_X.jpg,0.1
B470_7510_X_X.jpg,0.1
B473_7513_X_X.jpg,0.1
B487_7542_X_X.jpg,0.1
B488_7543_X_X.jpg,0.1
B49_6036_X_X.jpg,0.1
B49_6037_X_X.jpg,0.1
B493_7554_X_X.jpg,0.1
B495_7556_X_X.jpg,0.1
B495_7558_X_X.jpg,0.1
B496_7559_X_X.jpg,0.1
B496_7560_X_X.jpg,0.1
B499_7567_X_X.jpg,0.1
B499_7568_X_X.jpg,0.1
B5_5902_X_X.jpg,0.1
B5_5903_X_X.jpg,0.1
B515_7599_X_X.jpg,0.1
B522_7613_X_X.jpg,0.1
B522_7614_X_X.jpg,0.1
B523_7615_X_X.jpg,0.1
B523_7616_X_X.jpg,0.1
B528_7626_X_X.jpg,0.1
B528_7633_X_X.jpg,0.1
B53_6051_X_X.jpg,0.1
B53_6052_X_X.jpg,0.1
B541_7663_X_X.jpg,0.1
B541_7670_X_X.jpg,0.1
B543_7672_X_X.jpg,0.1
B543_7674_X_X.jpg,0.1
B60_6073_X_X.jpg,0.1
B60_6079_X_X.jpg,0.1
B64_6090_X_X.jpg,0.1
B64_6092_X_X.jpg,0.1
B70_6114_X_X.jpg,0.1
B70_6115_X_X.jpg,0.1
B76_6127_X_X.jpg,0.1
B76_6129_X_X.jpg,0.1
B79_6139_X_X.jpg,0.1
B79_6141_X_X.jpg,0.1
B8_5907_X_X.jpg,0.1
B8_5909_X_X.jpg,0.1
B80_6142_X_X.jpg,0.1
B80_6143_X_X.jpg,0.1
B86_6160_X_X.jpg,0.1
B86_6162_X_X.jpg,0.1
B88_6172_X_X.jpg,0.1
B88_6178_X_X.jpg,0.1
B91_6188_X_X.jpg,0.1
B91_6189_X_X.jpg,0.1
B92_6190_X_X.jpg,0.1
B92_6195_X_X.jpg,0.1
B99_6221_X_X.jpg,0.1
B99_6224_X_X.jpg,0.1
C102_7919_X_X.jpg,0.1
C102_7921_X_X.jpg,0.1
C103_7922_X_X.jpg,0.1
C105_7928_X_X.jpg,0.1
C105_7929_X_X.jpg,0.1
C108_7932_X_X.jpg,0.1
C114_7953_X_X.jpg,0.1
C114_7957_X_X.jpg,0.1
C115_7958_X_X.jpg,0.1
C124_7974_X_X.jpg,0.1
C124_7975_X_X.jpg,0.1
C131_7984_X_X.jpg,0.1
C131_7985_X_X.jpg,0.1
C133_7988_X_X.jpg,0.1
C137_7998_X_X.jpg,0.1
C137_8002_X_X.jpg,0.1
C140_8007_X_X.jpg,0.1
C140_8008_X_X.jpg,0.1
C146_8018_X_X.jpg,0.1
C146_8020_X_X.jpg,0.1
C152_8032_X_X.jpg,0.1
C158_8037_X_X.jpg,0.1
C162_8042_X_X.jpg,0.1
C173_8061_X_X.jpg,0.1
C18_7730_X_X.jpg,0.1
C182_8072_X_X.jpg,0.1
C185_8075_X_X.jpg,0.1
C186_8076_X_X.jpg,0.1
C198_8100_X_X.jpg,0.1
C2_7685_X_X.jpg,0.1
C2_7686_X_X.jpg,0.1
C209_8129_X_X.jpg,0.1
C209_8130_X_X.jpg,0.1
C213_8134_X_X.jpg,0.1
C213_8135_X_X.jpg,0.1
C214_8136_X_X.jpg,0.1
C214_8139_X_X.jpg,0.1
C215_8140_X_X.jpg,0.1
C215_8141_X_X.jpg,0.1
C219_8149_X_X.jpg,0.1
C219_8150_X_X.jpg,0.1
C220_8151_X_X.jpg,0.1
C23_7742_X_X.jpg,0.1
C23_7744_X_X.jpg,0.1
C235_8178_X_X.jpg,0.1
C241_8190_X_X.jpg,0.1
C241_8192_X_X.jpg,0.1
C256_8216_X_X.jpg,0.1
C258_8219_X_X.jpg,0.1
C262_8225_X_X.jpg,0.1
C27_7753_X_X.jpg,0.1
C27_7754_X_X.jpg,0.1
C273_8244_X_X.jpg,0.1
C273_8246_X_X.jpg,0.1
C277_8250_X_X.jpg,0.1
C277_8251_X_X.jpg,0.1
C281_8255_X_X.jpg,0.1
C283_8257_X_X.jpg,0.1
C283_8258_X_X.jpg,0.1
C289_8268_X_X.jpg,0.1
C289_8269_X_X.jpg,0.1
C291_8275_X_X.jpg,0.1
C291_8276_X_X.jpg,0.1
C293_8278_X_X.jpg,0.1
C293_8280_X_X.jpg,0.1
C294_8281_X_X.jpg,0.1
C30_7758_X_X.jpg,0.1
C304_8296_X_X.jpg,0.1
C304_8298_X_X.jpg,0.1
C305_8299_X_X.jpg,0.1
C305_8301_X_X.jpg,0.1
C31_7759_X_X.jpg,0.1
C31_7760_X_X.jpg,0.1
C311_8315_X_X.jpg,0.1
C311_8316_X_X.jpg,0.1
C315_8321_X_X.jpg,0.1
C317_8325_X_X.jpg,0.1
C317_8330_X_X.jpg,0.1
C318_8331_X_X.jpg,0.1
C318_8332_X_X.jpg,0.1
C324_8341_X_X.jpg,0.1
C351_8390_X_X.jpg,0.1
C351_8392_X_X.jpg,0.1
C356_8399_X_X.jpg,0.1
C357_8400_X_X.jpg,0.1
C357_8402_X_X.jpg,0.1
C360_8405_X_X.jpg,0.1
C360_8407_X_X.jpg,0.1
C366_8421_X_X.jpg,0.1
C370_8427_X_X.jpg,0.1
C371_8428_X_X.jpg,0.1
C382_8448_X_X.jpg,0.1
C382_8449_X_X.jpg,0.1
C389_8464_X_X.jpg,0.1
C394_8474_X_X.jpg,0.1
C394_8475_X_X.jpg,0.1
C398_8480_X_X.jpg,0.1
C400_8483_X_X.jpg,0.1
C400_8489_X_X.jpg,0.1
C401_8490_X_X.jpg,0.1
C405_8507_X_X.jpg,0.1
C411_8519_X_X.jpg,0.1
C411_8520_X_X.jpg,0.1
C415_8524_X_X.jpg,0.1
C417_8526_X_X.jpg,0.1
C417_8527_X_X.jpg,0.1
C421_8533_X_X.jpg,0.1
C429_8546_X_X.jpg,0.1
C429_8547_X_X.jpg,0.1
C432_8551_X_X.jpg,0.1
C435_8554_X_X.jpg,0.1
C436_8555_X_X.jpg,0.1
C436_8556_X_X.jpg,0.1
C44_7792_X_X.jpg,0.1
C454_8580_X_X.jpg,0.1
C454_8581_X_X.jpg,0.1
C456_8584_X_X.jpg,0.1
C464_8600_X_X.jpg,0.1
C464_8601_X_X.jpg,0.1
C467_8605_X_X.jpg,0.1
C467_8607_X_X.jpg,0.1
C468_8608_X_X.jpg,0.1
C469_8609_X_X.jpg,0.1
C478_8626_X_X.jpg,0.1
C478_8628_X_X.jpg,0.1
C484_8637_X_X.jpg,0.1
C484_8639_X_X.jpg,0.1
C488_8645_X_X.jpg,0.1
C489_8646_X_X.jpg,0.1
C513_8694_X_X.jpg,0.1
C513_8695_X_X.jpg,0.1
C53_7812_X_X.jpg,0.1
C53_7813_X_X.jpg,0.1
C530_8721_X_X.jpg,0.1
C530_8722_X_X.jpg,0.1
C531_8723_X_X.jpg,0.1
C531_8724_X_X.jpg,0.1
C533_8728_X_X.jpg,0.1
C533_8731_X_X.jpg,0.1
C540_8746_X_X.jpg,0.1
C541_8747_X_X.jpg,0.1
C541_8750_X_X.jpg,0.1
C555_8790_X_X.jpg,0.1
C556_8791_X_X.jpg,0.1
C556_8793_X_X.jpg,0.1
C558_8796_X_X.jpg,0.1
C563_8804_X_X.jpg,0.1
C57_7821_X_X.jpg,0.1
C57_7825_X_X.jpg,0.1
C571_8817_X_X.jpg,0.1
C573_8819_X_X.jpg,0.1
C573_8827_X_X.jpg,0.1
C575_8830_X_X.jpg,0.1
C575_8831_X_X.jpg,0.1
C584_8851_X_X.jpg,0.1
C584_8854_X_X.jpg,0.1
C593_8869_X_X.jpg,0.1
C595_8872_X_X.jpg,0.1
C595_8873_X_X.jpg,0.1
C599_8878_X_X.jpg,0.1
C599_8883_X_X.jpg,0.1
C601_8886_X_X.jpg,0.1
C601_8888_X_X.jpg,0.1
C603_8890_X_X.jpg,0.1
C611_8910_X_X.jpg,0.1
C618_8921_X_X.jpg,0.1
C618_8923_X_X.jpg,0.1
C619_8924_X_X.jpg,0.1
C619_8926_X_X.jpg,0.1
C622_8930_X_X.jpg,0.1
C622_8931_X_X.jpg,0.1
C639_8960_X_X.jpg,0.1
C639_8961_X_X.jpg,0.1
C648_8979_X_X.jpg,0.1
C652_8986_X_X.jpg,0.1
C652_8987_X_X.jpg,0.1
C659_8997_X_X.jpg,0.1
C66_7842_X_X.jpg,0.1
C665_9007_X_X.jpg,0.1
C670_9015_X_X.jpg,0.1
C670_9018_X_X.jpg,0.1
C671_9019_X_X.jpg,0.1
C671_9020_X_X.jpg,0.1
C672_9021_X_X.jpg,0.1
C672_9024_X_X.jpg,0.1
C674_9028_X_X.jpg,0.1
C674_9031_X_X.jpg,0.1
C677_9036_X_X.jpg,0.1
C687_9049_X_X.jpg,0.1
C688_9050_X_X.jpg,0.1
C688_9051_X_X.jpg,0.1
C689_9052_X_X.jpg,0.1
C690_9053_X_X.jpg,0.1
C690_9054_X_X.jpg,0.1
C691_9055_X_X.jpg,0.1
C696_9062_X_X.jpg,0.1
C8_7702_X_X.jpg,0.1
C9_7703_X_X.jpg,0.1
C9_7707_X_X.jpg,0.1
C93_7896_X_X.jpg,0.1
C94_7897_X_X.jpg,0.1
C99_7905_X_X.jpg,0.1
C99_7906_X_X.jpg,0.1
D101_9383_X_X.jpg,0.1
D101_9386_X_X.jpg,0.1
D104_9390_X_X.jpg,0.1
D105_9391_X_X.jpg,0.1
D105_9393_X_X.jpg,0.1
D106_9394_X_X.jpg,0.1
D107_9395_X_X.jpg,0.1
D107_9398_X_X.jpg,0.1
D118_9426_X_X.jpg,0.1
D122_9431_X_X.jpg,0.1
D122_9433_X_X.jpg,0.1
D123_9434_X_X.jpg,0.1
D123_9435_X_X.jpg,0.1
D130_9450_X_X.jpg,0.1
D130_9451_X_X.jpg,0.1
D131_9452_X_X.jpg,0.1
D131_9454_X_X.jpg,0.1
D134_9458_X_X.jpg,0.1
D134_9461_X_X.jpg,0.1
D14_9116_X_X.jpg,0.1
D14_9119_X_X.jpg,0.1
D146_9486_X_X.jpg,0.1
D147_9487_X_X.jpg,0.1
D152_9496_X_X.jpg,0.1
D152_9500_X_X.jpg,0.1
D153_9501_X_X.jpg,0.1
D16_9124_X_X.jpg,0.1
D16_9126_X_X.jpg,0.1
D162_9521_X_X.jpg,0.1
D162_9523_X_X.jpg,0.1
D172_9543_X_X.jpg,0.1
D172_9545_X_X.jpg,0.1
D173_9546_X_X.jpg,0.1
D175_9550_X_X.jpg,0.1
D175_9552_X_X.jpg,0.1
D18_9130_X_X.jpg,0.1
D18_9132_X_X.jpg,0.1
D180_9565_X_X.jpg,0.1
D180_9566_X_X.jpg,0.1
D189_9580_X_X.jpg,0.1
D189_9581_X_X.jpg,0.1
D19_9133_X_X.jpg,0.1
D19_9134_X_X.jpg,0.1
D210_9633_X_X.jpg,0.1
D210_9636_X_X.jpg,0.1
D215_9646_X_X.jpg,0.1
D215_9648_X_X.jpg,0.1
D217_9652_X_X.jpg,0.1
D217_9654_X_X.jpg,0.1
D230_9697_X_X.jpg,0.1
D230_9700_X_X.jpg,0.1
D233_9704_X_X.jpg,0.1
D233_9708_X_X.jpg,0.1
D237_9720_X_X.jpg,0.1
D237_9723_X_X.jpg,0.1
D238_9724_X_X.jpg,0.1
D238_9726_X_X.jpg,0.1
D244_9741_X_X.jpg,0.1
D244_9745_X_X.jpg,0.1
D250_9758_X_X.jpg,0.1
D250_9759_X_X.jpg,0.1
D257_9779_X_X.jpg,0.1
D257_9782_X_X.jpg,0.1
D258_9783_X_X.jpg,0.1
D258_9786_X_X.jpg,0.1
D260_9791_X_X.jpg,0.1
D264_9801_X_X.jpg,0.1
D264_9802_X_X.jpg,0.1
D266_9805_X_X.jpg,0.1
D266_9807_X_X.jpg,0.1
D269_9812_X_X.jpg,0.1
D269_9817_X_X.jpg,0.1
D273_9828_X_X.jpg,0.1
D273_9832_X_X.jpg,0.1
D278_9843_X_X.jpg,0.1
D278_9845_X_X.jpg,0.1
D290_9884_X_X.jpg,0.1
D293_9892_X_X.jpg,0.1
D293_9893_X_X.jpg,0.1
D299_9910_X_X.jpg,0.1
D299_9912_X_X.jpg,0.1
D304_9931_X_X.jpg,0.1
D313_9956_X_X.jpg,0.1
D313_9958_X_X.jpg,0.1
D324_9991_X_X.jpg,0.1
D324_9995_X_X.jpg,0.1
D326_10002_X_X.jpg,0.1
D326_9999_X_X.jpg,0.1
D35_9187_X_X.jpg,0.1
D35_9189_X_X.jpg,0.1
D37_9194_X_X.jpg,0.1
D37_9197_X_X.jpg,0.1
D43_9211_X_X.jpg,0.1
D45_9215_X_X.jpg,0.1
D45_9216_X_X.jpg,0.1
D53_9237_X_X.jpg,0.1
D53_9240_X_X.jpg,0.1
D68_9282_X_X.jpg,0.1
D68_9285_X_X.jpg,0.1
D76_9311_X_X.jpg,0.1
D76_9313_X_X.jpg,0.1
D88_9348_X_X.jpg,0.1
D88_9351_X_X.jpg,0.1
D93_9360_X_X.jpg,0.1
D93_9363_X_X.jpg,0.1
D97_9372_X_X.jpg,0.1
D97_9374_X_X.jpg,0.1
E101_10198_X_X.jpg,0.1
E101_10200_X_X.jpg,0.1
E1010_12247_X_X.jpg,0.1
E110_10231_X_X.jpg,0.1
E110_10236_X_X.jpg,0.1
E117_10258_X_X.jpg,0.1
E117_10260_X_X.jpg,0.1
E125_10288_X_X.jpg,0.1
E125_10290_X_X.jpg,0.1
E126_10291_X_X.jpg,0.1
E126_10295_X_X.jpg,0.1
E127_10296_X_X.jpg,0.1
E127_10299_X_X.jpg,0.1
E128_10300_X_X.jpg,0.1
E128_10302_X_X.jpg,0.1
E130_10307_X_X.jpg,0.1
E130_10310_X_X.jpg,0.1
E135_10322_X_X.jpg,0.1
E135_10325_X_X.jpg,0.1
E136_10326_X_X.jpg,0.1
E136_10328_X_X.jpg,0.1
E14_10021_X_X.jpg,0.1
E14_10022_X_X.jpg,0.1
E144_10357_X_X.jpg,0.1
E144_10360_X_X.jpg,0.1
E145_10361_X_X.jpg,0.1
E145_10364_X_X.jpg,0.1
E164_10448_X_X.jpg,0.1
E164_10449_X_X.jpg,0.1
E168_10463_X_X.jpg,0.1
E168_10468_X_X.jpg,0.1
E2_10005_X_X.jpg,0.1
E201_10485_X_X.jpg,0.1
E202_10486_X_X.jpg,0.1
E202_10518_X_X.jpg,0.1
E205_10573_X_X.jpg,0.1
E207_10587_X_X.jpg,0.1
E207_10597_X_X.jpg,0.1
E209_10600_X_X.jpg,0.1
E209_10605_X_X.jpg,0.1
E210_10606_X_X.jpg,0.1
E210_10624_X_X.jpg,0.1
E215_10645_X_X.jpg,0.1
E215_10674_X_X.jpg,0.1
E224_10741_X_X.jpg,0.1
E224_10744_X_X.jpg,0.1
E228_10764_X_X.jpg,0.1
E228_10766_X_X.jpg,0.1
E230_10828_X_X.jpg,0.1
E230_10840_X_X.jpg,0.1
E26_10048_X_X.jpg,0.1
E26_10049_X_X.jpg,0.1
E28_10052_X_X.jpg,0.1
E34_10062_X_X.jpg,0.1
E34_10064_X_X.jpg,0.1
E39_10076_X_X.jpg,0.1
E39_10078_X_X.jpg,0.1
E401_10884_X_X.jpg,0.1
E401_10892_X_X.jpg,0.1
E402_10893_X_X.jpg,0.1
E402_10896_X_X.jpg,0.1
E406_10924_X_X.jpg,0.1
E406_10941_X_X.jpg,0.1
E407_10942_X_X.jpg,0.1
E407_10943_X_X.jpg,0.1
E410_10954_X_X.jpg,0.1
E410_10986_X_X.jpg,0.1
E415_11010_X_X.jpg,0.1
E415_11013_X_X.jpg,0.1
E426_11057_X_X.jpg,0.1
E426_11061_X_X.jpg,0.1
E427_11062_X_X.jpg,0.1
E427_11065_X_X.jpg,0.1
E430_11095_X_X.jpg,0.1
E430_11101_X_X.jpg,0.1
E435_11121_X_X.jpg,0.1
E435_11130_X_X.jpg,0.1
E436_11131_X_X.jpg,0.1
E436_11133_X_X.jpg,0.1
E442_11179_X_X.jpg,0.1
E442_11189_X_X.jpg,0.1
E46_10090_X_X.jpg,0.1
E46_10091_X_X.jpg,0.1
E48_10093_X_X.jpg,0.1
E49_10094_X_X.jpg,0.1
E49_10096_X_X.jpg,0.1
E505_11239_X_X.jpg,0.1
E505_11246_X_X.jpg,0.1
E507_11248_X_X.jpg,0.1
E507_11254_X_X.jpg,0.1
E514_11267_X_X.jpg,0.1
E519_11280_X_X.jpg,0.1
E519_11281_X_X.jpg,0.1
E520_11282_X_X.jpg,0.1
E520_11286_X_X.jpg,0.1
E530_11315_X_X.jpg,0.1
E530_11318_X_X.jpg,0.1
E535_11332_X_X.jpg,0.1
E535_11333_X_X.jpg,0.1
E537_11337_X_X.jpg,0.1
E537_11338_X_X.jpg,0.1
E541_11349_X_X.jpg,0.1
E541_11350_X_X.jpg,0.1
E544_11353_X_X.jpg,0.1
E544_11355_X_X.jpg,0.1
E547_11364_X_X.jpg,0.1
E547_11367_X_X.jpg,0.1
E550_11378_X_X.jpg,0.1
E550_11381_X_X.jpg,0.1
E552_11383_X_X.jpg,0.1
E552_11388_X_X.jpg,0.1
E558_11402_X_X.jpg,0.1
E558_11409_X_X.jpg,0.1
E561_11417_X_X.jpg,0.1
E561_11419_X_X.jpg,0.1
E564_11431_X_X.jpg,0.1
E566_11435_X_X.jpg,0.1
E566_11440_X_X.jpg,0.1
E576_11481_X_X.jpg,0.1
E576_11482_X_X.jpg,0.1
E578_11486_X_X.jpg,0.1
E578_11488_X_X.jpg,0.1
E59_10111_X_X.jpg,0.1
E59_10124_X_X.jpg,0.1
E595_11581_X_X.jpg,0.1
E595_11588_X_X.jpg,0.1
E601_11609_X_X.jpg,0.1
E601_11614_X_X.jpg,0.1
E602_11615_X_X.jpg,0.1
E605_11618_X_X.jpg,0.1
E605_11621_X_X.jpg,0.1
E618_11720_X_X.jpg,0.1
E618_11722_X_X.jpg,0.1
E634_11819_X_X.jpg,0.1
E634_11830_X_X.jpg,0.1
E64_10145_X_X.jpg,0.1
E64_10193_X_X.jpg,0.1
E648_11950_X_X.jpg,0.1
E648_11970_X_X.jpg,0.1
E66_10197_X_X.jpg,0.1
E702_11975_X_X.jpg,0.1
E702_11976_X_X.jpg,0.1
E703_11977_X_X.jpg,0.1
E703_11980_X_X.jpg,0.1
E806_11999_X_X.jpg,0.1
E806_12001_X_X.jpg,0.1
E808_12004_X_X.jpg,0.1
E808_12006_X_X.jpg,0.1
E9_10015_X_X.jpg,0.1
E908_12060_X_X.jpg,0.1
E909_12061_X_X.jpg,0.1
E909_12065_X_X.jpg,0.1
E911_12066_X_X.jpg,0.1
E911_12069_X_X.jpg,0.1
E916_12090_X_X.jpg,0.1
E916_12092_X_X.jpg,0.1
E920_12097_X_X.jpg,0.1
E920_12099_X_X.jpg,0.1
E921_12100_X_X.jpg,0.1
E922_12101_X_X.jpg,0.1
E927_12114_X_X.jpg,0.1
E927_12115_X_X.jpg,0.1
E944_12171_X_X.jpg,0.1
E944_12183_X_X.jpg,0.1
F1_12273_X_X.jpg,0.1
F1_12274_X_X.jpg,0.1
F17_12301_X_X.jpg,0.1
F17_12302_X_X.jpg,0.1
F21_12310_X_X.jpg,0.1
F21_12311_X_X.jpg,0.1
F23_12314_X_X.jpg,0.1
F23_12315_X_X.jpg,0.1
F29_12325_X_X.jpg,0.1
F29_12326_X_X.jpg,0.1
F35_12337_X_X.jpg,0.1
F35_12340_X_X.jpg,0.1
F43_12357_X_X.jpg,0.1
F43_12358_X_X.jpg,0.1
F48_12372_X_X.jpg,0.1
F48_12373_X_X.jpg,0.1
F53_12390_X_X.jpg,0.1
F53_12392_X_X.jpg,0.1
F9_12287_X_X.jpg,0.1
F9_12288_X_X.jpg,0.1
